Data Source,World Development Indicators,,,,,,,,,,,,,,,,,,,,,,,,,,,,,,,,,,,,,,,,,,,,,,,,,,,,,,,,,,,,,,,,,
,,,,,,,,,,,,,,,,,,,,,,,,,,,,,,,,,,,,,,,,,,,,,,,,,,,,,,,,,,,,,,,,,,
Last Updated Date,25/07/2023,,,,,,,,,,,,,,,,,,,,,,,,,,,,,,,,,,,,,,,,,,,,,,,,,,,,,,,,,,,,,,,,,
,,,,,,,,,,,,,,,,,,,,,,,,,,,,,,,,,,,,,,,,,,,,,,,,,,,,,,,,,,,,,,,,,,
Country Name,Country Code,Indicator Name,Indicator Code,1960,1961,1962,1963,1964,1965,1966,1967,1968,1969,1970,1971,1972,1973,1974,1975,1976,1977,1978,1979,1980,1981,1982,1983,1984,1985,1986,1987,1988,1989,1990,1991,1992,1993,1994,1995,1996,1997,1998,1999,2000,2001,2002,2003,2004,2005,2006,2007,2008,2009,2010,2011,2012,2013,2014,2015,2016,2017,2018,2019,2020,2021,2022
Aruba,ABW,"Prevalence of underweight, weight for age (% of children under 5)",SH.STA.MALN.ZS,,,,,,,,,,,,,,,,,,,,,,,,,,,,,,,,,,,,,,,,,,,,,,,,,,,,,,,,,,,,,,,
Africa Eastern and Southern,AFE,"Prevalence of underweight, weight for age (% of children under 5)",SH.STA.MALN.ZS,,,,,,,,,,,,,,,,,,,,,,,,,,,,,,,,,,,,,,,,,,,,,,,,,,,,,,,,,,,,,,,
Afghanistan,AFG,"Prevalence of underweight, weight for age (% of children under 5)",SH.STA.MALN.ZS,,,,,,,,,,,,,,,,,,,,,,,,,,,,,,,,,,,,,,44.9,,,,,,,31.7,,,,,,,,,24.6,,,,,19.1,,,,
Africa Western and Central,AFW,"Prevalence of underweight, weight for age (% of children under 5)",SH.STA.MALN.ZS,,,,,,,,,,,,,,,,,,,,,,,,,,,,,,,,,,,,,,,,,,,,,,,,,,,,,,,,,,,,,,,
Angola,AGO,"Prevalence of underweight, weight for age (% of children under 5)",SH.STA.MALN.ZS,,,,,,,,,,,,,,,,,,,,,,,,,,,,,,,,,,,,,36.2,,,,,,,,,,,15.1,,,,,,,,19,,,,,,,
Albania,ALB,"Prevalence of underweight, weight for age (% of children under 5)",SH.STA.MALN.ZS,,,,,,,,,,,,,,,,,,,,,,,,,,,,,,,,,,,,,,,,,,,,,,6.6,,,,6.3,,,,,,,,1.5,,,,,
Andorra,AND,"Prevalence of underweight, weight for age (% of children under 5)",SH.STA.MALN.ZS,,,,,,,,,,,,,,,,,,,,,,,,,,,,,,,,,,,,,,,,,,,,,,,,,,,,,,,,,,,,,,,
Arab World,ARB,"Prevalence of underweight, weight for age (% of children under 5)",SH.STA.MALN.ZS,,,,,,,,,,,,,,,,,,,,,,,,,,,,,,,,,,,,,,,,,,,,,,,,,,,,,,,,,,,,,,,
United Arab Emirates,ARE,"Prevalence of underweight, weight for age (% of children under 5)",SH.STA.MALN.ZS,,,,,,,,,,,,,,,,,,,,,,,,,,,,,,,,,,,,,,,,,,,,,,,,,,,,,,,,,,,,,,,
Argentina,ARG,"Prevalence of underweight, weight for age (% of children under 5)",SH.STA.MALN.ZS,,,,,,,,,,,,,,,,,,,,,,,,,,,,,,,,,,,1.7,,4.7,,,,,,,,,2.5,,,,,,,,,,,,,2,,,,
Armenia,ARM,"Prevalence of underweight, weight for age (% of children under 5)",SH.STA.MALN.ZS,,,,,,,,,,,,,,,,,,,,,,,,,,,,,,,,,,,,,,,2.7,,2.6,,,,,4.2,,,,,5.3,,,,,,2.6,,,,,,
American Samoa,ASM,"Prevalence of underweight, weight for age (% of children under 5)",SH.STA.MALN.ZS,,,,,,,,,,,,,,,,,,,,,,,,,,,,,,,,,,,,,,,,,,,,,,,,,,,,,,,,,,,,,,,
Antigua and Barbuda,ATG,"Prevalence of underweight, weight for age (% of children under 5)",SH.STA.MALN.ZS,,,,,,,,,,,,,,,,,,,,,,,,,,,,,,,,,,,,,,,,,,,,,,,,,,,,,,,,,,,,,,,
Australia,AUS,"Prevalence of underweight, weight for age (% of children under 5)",SH.STA.MALN.ZS,,,,,,,,,,,,,,,,,,,,,,,,,,,,,,,,,,,,0,,,,,,,,,,,,0.5,,,,,,,,,,,,,,,
Austria,AUT,"Prevalence of underweight, weight for age (% of children under 5)",SH.STA.MALN.ZS,,,,,,,,,,,,,,,,,,,,,,,,,,,,,,,,,,,,,,,,,,,,,,,,,,,,,,,,,,,,,,,
Azerbaijan,AZE,"Prevalence of underweight, weight for age (% of children under 5)",SH.STA.MALN.ZS,,,,,,,,,,,,,,,,,,,,,,,,,,,,,,,,,,,,,8.8,,,,14,5.9,,,,,8.4,,,,,6.5,,4.9,,,,,,,,,
Burundi,BDI,"Prevalence of underweight, weight for age (% of children under 5)",SH.STA.MALN.ZS,,,,,,,,,,,,,,,,,,,,,,,,,,,,32,,,,,,,,,,,,,39.1,,,,,35.2,,,,,29.1,,,,,,29.3,,29.6,27,27.7,,27.6
Belgium,BEL,"Prevalence of underweight, weight for age (% of children under 5)",SH.STA.MALN.ZS,,,,,,,,,,,,,,,,,,,,,,,,,,,,,,,,,,,,,,,,,,,,,,,,,,,,,,,1.1,,,,,,,,
Benin,BEN,"Prevalence of underweight, weight for age (% of children under 5)",SH.STA.MALN.ZS,,,,,,,,,,,,,,,,,,,,,,,,,,,,,,,,,,,,,25.6,,,,,19.5,,,,,,,17.1,,,,,,18,,,,16.8,,,,
Burkina Faso,BFA,"Prevalence of underweight, weight for age (% of children under 5)",SH.STA.MALN.ZS,,,,,,,,,,,,,,,,,,,,,,,,,,,,,,,,,,28.7,,,,,,30.9,,,,,,,,,,26,26.2,25.1,24.3,20.9,20,22.8,18.9,16.2,17.7,16.4,12.6,17.7,
Bangladesh,BGD,"Prevalence of underweight, weight for age (% of children under 5)",SH.STA.MALN.ZS,,,,,,,,,,,,,,,,,,,,,,,,,,,66.8,,,,61.5,61.2,60.6,56.1,58,55.2,54,53.6,50.7,49.5,42.4,43.2,41,38.9,42.8,39.7,37.9,41.3,,,,36.7,34.4,31.9,32.8,28.9,,,21.9,22.6,,,
Bulgaria,BGR,"Prevalence of underweight, weight for age (% of children under 5)",SH.STA.MALN.ZS,,,,,,,,,,,,,,,,,,,,,,,,,,,,,,,,,,,,,,,,,,,,,2,,,3.7,,,,,,,1.6,,,,,,,,
Bahrain,BHR,"Prevalence of underweight, weight for age (% of children under 5)",SH.STA.MALN.ZS,,,,,,,,,,,,,,,,,,,,,,,,,,,,,,6.3,,,,,,7.6,,,,,,,,,,,,,,,,,,,,,,,,,,,
"Bahamas, The",BHS,"Prevalence of underweight, weight for age (% of children under 5)",SH.STA.MALN.ZS,,,,,,,,,,,,,,,,,,,,,,,,,,,,,,,,,,,,,,,,,,,,,,,,,,,,,,,,,,,,,,,
Bosnia and Herzegovina,BIH,"Prevalence of underweight, weight for age (% of children under 5)",SH.STA.MALN.ZS,,,,,,,,,,,,,,,,,,,,,,,,,,,,,,,,,,,,,,,,,4.2,,,,,,1.6,,,,,,1.6,,,,,,,,,,
Belarus,BLR,"Prevalence of underweight, weight for age (% of children under 5)",SH.STA.MALN.ZS,,,,,,,,,,,,,,,,,,,,,,,,,,,,,,,,,,,,,,,,,,,,,,1.3,,,,,,,,,,,,,,,,,
Belize,BLZ,"Prevalence of underweight, weight for age (% of children under 5)",SH.STA.MALN.ZS,,,,,,,,,,,,,,,,,,,,,,,,,,,,,,,,,5.4,,,,,,,,,,,,,,5,,,,,6.2,,,,4.6,,,,,,,
Bermuda,BMU,"Prevalence of underweight, weight for age (% of children under 5)",SH.STA.MALN.ZS,,,,,,,,,,,,,,,,,,,,,,,,,,,,,,,,,,,,,,,,,,,,,,,,,,,,,,,,,,,,,,,
Bolivia,BOL,"Prevalence of underweight, weight for age (% of children under 5)",SH.STA.MALN.ZS,,,,,,,,,,,,,,,,,,,,,,,,,,,,,9.8,8.5,9.7,10.2,10.5,,12.4,,,,5.9,,,,,5.8,,,,,4.5,,,,3.6,,,,3.4,,,,,,
Brazil,BRA,"Prevalence of underweight, weight for age (% of children under 5)",SH.STA.MALN.ZS,,,,,,,,,,,,,,,,,,,,,,,,,,,,,,5.6,,,,,,,4.5,,,,,,,,,,,2.2,,,,,,,,,,,,3.1,,,
Barbados,BRB,"Prevalence of underweight, weight for age (% of children under 5)",SH.STA.MALN.ZS,,,,,,,,,,,,,,,,,,,,,,,,,,,,,,,,,,,,,,,,,,,,,,,,,,,,,3.5,,,,,,,,,,
Brunei Darussalam,BRN,"Prevalence of underweight, weight for age (% of children under 5)",SH.STA.MALN.ZS,,,,,,,,,,,,,,,,,,,,,,,,,,,,,,,,,,,,,,,,,,,,,,,,,,9.6,,,,,,,,,,,,,
Bhutan,BTN,"Prevalence of underweight, weight for age (% of children under 5)",SH.STA.MALN.ZS,,,,,,,,,,,,,,,,,,,,,,,,,,,,34,,,,,,,,,,,,13.9,,,,,,,,,10.4,,12.7,,,,,,,,,,,,
Botswana,BWA,"Prevalence of underweight, weight for age (% of children under 5)",SH.STA.MALN.ZS,,,,,,,,,,,,,,,,,,,,,,,,,,,,,,,,,,,,,15.1,,,,11.1,,,,,,,11.8,,,,,,,,,,,,,,,
Central African Republic,CAF,"Prevalence of underweight, weight for age (% of children under 5)",SH.STA.MALN.ZS,,,,,,,,,,,,,,,,,,,,,,,,,,,,,,,,,,,23.6,,,,,,21.3,,,,,,26.1,,,,23.5,,24.5,,20,,,,19.7,21.5,,,
Canada,CAN,"Prevalence of underweight, weight for age (% of children under 5)",SH.STA.MALN.ZS,,,,,,,,,,,,,,,,,,,,,,,,,,,,,,,,,,,,,,,,,,,,,,,,,,,,,,,,,,,,,,,
Central Europe and the Baltics,CEB,"Prevalence of underweight, weight for age (% of children under 5)",SH.STA.MALN.ZS,,,,,,,,,,,,,,,,,,,,,,,,,,,,,,,,,,,,,,,,,,,,,,,,,,,,,,,,,,,,,,,
Switzerland,CHE,"Prevalence of underweight, weight for age (% of children under 5)",SH.STA.MALN.ZS,,,,,,,,,,,,,,,,,,,,,,,,,,,,,,,,,,,,,,,,,,,,,,,,,,,,,,,,,,,,,,,
Channel Islands,CHI,"Prevalence of underweight, weight for age (% of children under 5)",SH.STA.MALN.ZS,,,,,,,,,,,,,,,,,,,,,,,,,,,,,,,,,,,,,,,,,,,,,,,,,,,,,,,,,,,,,,,
Chile,CHL,"Prevalence of underweight, weight for age (% of children under 5)",SH.STA.MALN.ZS,,,,,,,,,,,,,,,,,,,,,,,,,,,2.2,,,,,,,,0.8,0.8,0.7,,0.7,0.7,,0.7,0.7,0.6,0.6,,0.6,0.6,0.5,,,,,0.5,0.5,,,,,,,,
China,CHN,"Prevalence of underweight, weight for age (% of children under 5)",SH.STA.MALN.ZS,,,,,,,,,,,,,,,,,,,,,,,,,,,,18.7,,,12.6,,14.2,,,10.7,,,6.9,,7.4,,6.8,,,4.5,,,3.8,3.4,3.4,,,2.4,,,,,,,,,
Cote d'Ivoire,CIV,"Prevalence of underweight, weight for age (% of children under 5)",SH.STA.MALN.ZS,,,,,,,,,,,,,,,,,,,,,,,,,,,11.7,,,,,,,,20.9,,,,18.2,,,,,,,,,28.3,,,,,15.7,,,,12.8,,,,,14,
Cameroon,CMR,"Prevalence of underweight, weight for age (% of children under 5)",SH.STA.MALN.ZS,,,,,,,,,,,,,,,,,,,,,,,,,,,,,,,,12.9,,,,,,,18,,,,,,15.1,,16.5,,,,,15.2,,,14.8,,,,11,,,,
"Congo, Dem. Rep.",COD,"Prevalence of underweight, weight for age (% of children under 5)",SH.STA.MALN.ZS,,,,,,,,,,,,,,,,,,,,,,,,,,,,,,,,,,,,30.7,,,,,,30.3,,,,,,25.6,,,24.2,,,23.4,,,,23.1,,,,,
"Congo, Rep.",COG,"Prevalence of underweight, weight for age (% of children under 5)",SH.STA.MALN.ZS,,,,,,,,,,,,,,,,,,,,,,,,,,,,16.4,,,,,,,,,,,,,,,,,,11.9,,,,,,11.8,,,12.3,,,,,,,,
Colombia,COL,"Prevalence of underweight, weight for age (% of children under 5)",SH.STA.MALN.ZS,,,,,,,,,,,,,,,,,,,,,,,,,,,8.7,,,8.8,,,,,,6.3,,,,,4.9,,,,,5,,,,,3.4,,,,,,3.7,,,,,,
Comoros,COM,"Prevalence of underweight, weight for age (% of children under 5)",SH.STA.MALN.ZS,,,,,,,,,,,,,,,,,,,,,,,,,,,,,,,,,15.2,,,,22.4,,,,25.1,,,,,,,,,,,,16.9,,,,,,,,,,
Cabo Verde,CPV,"Prevalence of underweight, weight for age (% of children under 5)",SH.STA.MALN.ZS,,,,,,,,,,,,,,,,,,,,,,,,,,13.7,,,,,,,,,11.8,,,,,,,,,,,,,,,,,,,,,,,,,,,,
Costa Rica,CRI,"Prevalence of underweight, weight for age (% of children under 5)",SH.STA.MALN.ZS,,,,,,,,,,,,,,,,,,,,,,,,,,,,,,2.4,2.5,2.2,2,2,1.9,,3.8,,,,,,,,,,,,0.9,,,,,,,,,,2.9,,,,
Caribbean small states,CSS,"Prevalence of underweight, weight for age (% of children under 5)",SH.STA.MALN.ZS,,,,,,,,,,,,,,,,,,,,,,,,,,,,,,,,,,,,,,,,,,,,,,,,,,,,,,,,,,,,,,,
Cuba,CUB,"Prevalence of underweight, weight for age (% of children under 5)",SH.STA.MALN.ZS,,,,,,,,,,,,,,,,,,,,,,,,,,,,,,,,,,,,,,,,,3.4,,,,,,,,,,,,,,,,,,,2.4,,,
Curacao,CUW,"Prevalence of underweight, weight for age (% of children under 5)",SH.STA.MALN.ZS,,,,,,,,,,,,,,,,,,,,,,,,,,,,,,,,,,,,,,,,,,,,,,,,,,,,,,,,,,,,,,,
Cayman Islands,CYM,"Prevalence of underweight, weight for age (% of children under 5)",SH.STA.MALN.ZS,,,,,,,,,,,,,,,,,,,,,,,,,,,,,,,,,,,,,,,,,,,,,,,,,,,,,,,,,,,,,,,
Cyprus,CYP,"Prevalence of underweight, weight for age (% of children under 5)",SH.STA.MALN.ZS,,,,,,,,,,,,,,,,,,,,,,,,,,,,,,,,,,,,,,,,,,,,,,,,,,,,,,,,,,,,,,,
Czechia,CZE,"Prevalence of underweight, weight for age (% of children under 5)",SH.STA.MALN.ZS,,,,,,,,,,,,,,,,,,,,,,,,,,,,,,,,0.9,,,,,,,,,,2.1,,,,,,,,,,,,,,,,,,,,,
Germany,DEU,"Prevalence of underweight, weight for age (% of children under 5)",SH.STA.MALN.ZS,,,,,,,,,,,,,,,,,,,,,,,,,,,,,,,,,,,,,,,,,,,,,1.1,,,,,,,,,,,,0.5,,,,,,
Djibouti,DJI,"Prevalence of underweight, weight for age (% of children under 5)",SH.STA.MALN.ZS,,,,,,,,,,,,,,,,,,,,,,,,,,,,,,20.2,,,,,,,16,,,,,,,,,,,,,,,22,,26,,,,,,16.2,,,
Dominica,DMA,"Prevalence of underweight, weight for age (% of children under 5)",SH.STA.MALN.ZS,,,,,,,,,,,,,,,,,,,,,,,,,,,,,,,,,,,,,,,,,,,,,,,,,,,,,,,,,,,,,,,
Denmark,DNK,"Prevalence of underweight, weight for age (% of children under 5)",SH.STA.MALN.ZS,,,,,,,,,,,,,,,,,,,,,,,,,,,,,,,,,,,,,,,,,,,,,,,,,,,,,,,,,,,,,,,
Dominican Republic,DOM,"Prevalence of underweight, weight for age (% of children under 5)",SH.STA.MALN.ZS,,,,,,,,,,,,,,,,,,,,,,,,,,,8,,,,,8.4,,,,,4.7,,,,3.3,,4.2,,,,3.9,3.4,,,,,,4,,,,,,3,,,
Algeria,DZA,"Prevalence of underweight, weight for age (% of children under 5)",SH.STA.MALN.ZS,,,,,,,,,,,,,,,,,,,,,,,,,,,,8,,,,,9.2,,,11.3,,,,,5.4,,11.1,,,,3.4,,,,,,3,,,,,,,2.7,,,
East Asia & Pacific (excluding high income),EAP,"Prevalence of underweight, weight for age (% of children under 5)",SH.STA.MALN.ZS,,,,,,,,,,,,,,,,,,,,,,,,,,,,,,,,,,,,,,,,,,,,,,,,,,,,,,,,,,,,,,,
Early-demographic dividend,EAR,"Prevalence of underweight, weight for age (% of children under 5)",SH.STA.MALN.ZS,,,,,,,,,,,,,,,,,,,,,,,,,,,,,,,,,,,,,,,,,,,,,,,,,,,,,,,,,,,,,,,
East Asia & Pacific,EAS,"Prevalence of underweight, weight for age (% of children under 5)",SH.STA.MALN.ZS,,,,,,,,,,,,,,,,,,,,,,,,,,,,,,,,,,,,,,,,,12.05006504,11.55316257,11.07948971,10.61810684,10.16614056,9.734840393,9.316498756,8.90180397,8.497493744,8.104453087,7.732470036,7.38763237,7.050087929,6.730844498,6.439754486,6.172267914,5.914565563,5.663881779,5.457262039,5.298541546,5.179109573,5.115036488,5.105260372
Europe & Central Asia (excluding high income),ECA,"Prevalence of underweight, weight for age (% of children under 5)",SH.STA.MALN.ZS,,,,,,,,,,,,,,,,,,,,,,,,,,,,,,,,,,,,,,,,,,,,,,,,,,,,,,,,,,,,,,,
Europe & Central Asia,ECS,"Prevalence of underweight, weight for age (% of children under 5)",SH.STA.MALN.ZS,,,,,,,,,,,,,,,,,,,,,,,,,,,,,,,,,,,,,,,,,,,,,,,,,,,,,,,,,,,,,,,
Ecuador,ECU,"Prevalence of underweight, weight for age (% of children under 5)",SH.STA.MALN.ZS,,,,,,,,,,,,,,,,,,,,,,,,,,,14.5,,,,,,,,,,,,,10.4,,,,,6.7,,6.8,,,,,,6.4,,5.1,,,,,5.2,,,
"Egypt, Arab Rep.",EGY,"Prevalence of underweight, weight for age (% of children under 5)",SH.STA.MALN.ZS,,,,,,,,,,,,,,,,,,,,,,,,,,,,,10.4,,,10.5,8.2,,,10.8,,10.2,9.4,,,,,8.7,,5.4,,,6.8,,,,,,7,,,,,,,,
Euro area,EMU,"Prevalence of underweight, weight for age (% of children under 5)",SH.STA.MALN.ZS,,,,,,,,,,,,,,,,,,,,,,,,,,,,,,,,,,,,,,,,,,,,,,,,,,,,,,,,,,,,,,,
Eritrea,ERI,"Prevalence of underweight, weight for age (% of children under 5)",SH.STA.MALN.ZS,,,,,,,,,,,,,,,,,,,,,,,,,,,,,,,,,,36.9,,39.3,,,,,,,34.3,,,,,,,,39.4,,,,,,,,,,,,
Spain,ESP,"Prevalence of underweight, weight for age (% of children under 5)",SH.STA.MALN.ZS,,,,,,,,,,,,,,,,,,,,,,,,,,,,,,,,,,,,,,,,,,,,,,,,,,,,,,,,,,,,,,,
Estonia,EST,"Prevalence of underweight, weight for age (% of children under 5)",SH.STA.MALN.ZS,,,,,,,,,,,,,,,,,,,,,,,,,,,,,,,,,,,,,,,,,,,,,,,,,,,,,,,0.4,,,,,,,,
Ethiopia,ETH,"Prevalence of underweight, weight for age (% of children under 5)",SH.STA.MALN.ZS,,,,,,,,,,,,,,,,,,,,,,,,,,,,,,,,,41.9,,,,,,,,41.8,,,,,34.3,,,,,,29.2,,,26.5,,23.5,,,21.2,,,
European Union,EUU,"Prevalence of underweight, weight for age (% of children under 5)",SH.STA.MALN.ZS,,,,,,,,,,,,,,,,,,,,,,,,,,,,,,,,,,,,,,,,,,,,,,,,,,,,,,,,,,,,,,,
Fragile and conflict affected situations,FCS,"Prevalence of underweight, weight for age (% of children under 5)",SH.STA.MALN.ZS,,,,,,,,,,,,,,,,,,,,,,,,,,,,,,,,,,,,,,,,,,,,,,,,,,,,,,,,,,,,,,,
Finland,FIN,"Prevalence of underweight, weight for age (% of children under 5)",SH.STA.MALN.ZS,,,,,,,,,,,,,,,,,,,,,,,,,,,,,,,,,,,,,,,,,,,,,,,,,,,,,,,,,,,,,,,
Fiji,FJI,"Prevalence of underweight, weight for age (% of children under 5)",SH.STA.MALN.ZS,,,,,,,,,,,,,,,,,,,,,,,,,,,,,,,,,,6.9,,,,,,,,,,,5.4,,,,,,,,,,,,,,,,,4.6,
France,FRA,"Prevalence of underweight, weight for age (% of children under 5)",SH.STA.MALN.ZS,,,,,,,,,,,,,,,,,,,,,,,,,,,,,,,,,,,,,,,,,,,,,,,,,,,,,,,,,,,,,,,
Faroe Islands,FRO,"Prevalence of underweight, weight for age (% of children under 5)",SH.STA.MALN.ZS,,,,,,,,,,,,,,,,,,,,,,,,,,,,,,,,,,,,,,,,,,,,,,,,,,,,,,,,,,,,,,,
"Micronesia, Fed. Sts.",FSM,"Prevalence of underweight, weight for age (% of children under 5)",SH.STA.MALN.ZS,,,,,,,,,,,,,,,,,,,,,,,,,,,,,,,,,,,,,,,,,,,,,,,,,,,,,,,,,,,,,,,
Gabon,GAB,"Prevalence of underweight, weight for age (% of children under 5)",SH.STA.MALN.ZS,,,,,,,,,,,,,,,,,,,,,,,,,,,,,,,,,,,,,,,,,9,,,,,,,,,,,,6.4,,,,,,,,5.4,,
United Kingdom,GBR,"Prevalence of underweight, weight for age (% of children under 5)",SH.STA.MALN.ZS,,,,,,,,,,,,,,,,,,,,,,,,,,,,,,,,,,,,,,,,,,,,,,,,,,,,,,,,,,,,,,,
Georgia,GEO,"Prevalence of underweight, weight for age (% of children under 5)",SH.STA.MALN.ZS,,,,,,,,,,,,,,,,,,,,,,,,,,,,,,,,,,,,,,,,2.7,,,,,,2.4,,,,1.1,,,,,,,,,2.1,,,,
Ghana,GHA,"Prevalence of underweight, weight for age (% of children under 5)",SH.STA.MALN.ZS,,,,,,,,,,,,,,,,,,,,,,,,,,,,,23.2,,,,,25.1,,,,22.2,20.1,,,,,19,,,13.9,,14.4,,,13.4,,,11.2,,,12.6,,,,,
Gibraltar,GIB,"Prevalence of underweight, weight for age (% of children under 5)",SH.STA.MALN.ZS,,,,,,,,,,,,,,,,,,,,,,,,,,,,,,,,,,,,,,,,,,,,,,,,,,,,,,,,,,,,,,,
Guinea,GIN,"Prevalence of underweight, weight for age (% of children under 5)",SH.STA.MALN.ZS,,,,,,,,,,,,,,,,,,,,,,,,,,,,,,,,,,,21.2,,,,,20,,,,,,22.7,,16.4,,,,,18.8,,,,18.3,,16.3,,,,
"Gambia, The",GMB,"Prevalence of underweight, weight for age (% of children under 5)",SH.STA.MALN.ZS,,,,,,,,,,,,,,,,,,,,,,,,,,,,,,,,,,,,,23.2,,,,15.4,,,,,,15.8,,,,17.4,,17.9,16.5,,,,,13.9,,11.6,,
Guinea-Bissau,GNB,"Prevalence of underweight, weight for age (% of children under 5)",SH.STA.MALN.ZS,,,,,,,,,,,,,,,,,,,,,,,,,,,,,,,,,,,,,,,,,19.8,,,,,,,,,,18,,17,,17,,,,,16.3,,,
Equatorial Guinea,GNQ,"Prevalence of underweight, weight for age (% of children under 5)",SH.STA.MALN.ZS,,,,,,,,,,,,,,,,,,,,,,,,,,,,,,,,,,,,,,13.8,,,15.7,,,,10.6,,,,,,,5.6,,,,,,,,,,,
Greece,GRC,"Prevalence of underweight, weight for age (% of children under 5)",SH.STA.MALN.ZS,,,,,,,,,,,,,,,,,,,,,,,,,,,,,,,,,,,,,,,,,,,,0.5,,,,,,,,,,,,,,,,,,,
Grenada,GRD,"Prevalence of underweight, weight for age (% of children under 5)",SH.STA.MALN.ZS,,,,,,,,,,,,,,,,,,,,,,,,,,,,,,,,,,,,,,,,,,,,,,,,,,,,,,,,,,,,,,,
Greenland,GRL,"Prevalence of underweight, weight for age (% of children under 5)",SH.STA.MALN.ZS,,,,,,,,,,,,,,,,,,,,,,,,,,,,,,,,,,,,,,,,,,,,,,,,,,,,,,,,,,,,,,,
Guatemala,GTM,"Prevalence of underweight, weight for age (% of children under 5)",SH.STA.MALN.ZS,,,,,,,,,,,,,,,,,,,,,,,,,,,,27.5,,,,,,,,21.7,,,,20.3,18.8,,18.2,,,,,,,14.1,,,,,,12.4,,,,,,14.4,
Guam,GUM,"Prevalence of underweight, weight for age (% of children under 5)",SH.STA.MALN.ZS,,,,,,,,,,,,,,,,,,,,,,,,,,,,,,,,,,,,,,,,,,,,,,,,,,,,,,,,,,,,,,,
Guyana,GUY,"Prevalence of underweight, weight for age (% of children under 5)",SH.STA.MALN.ZS,,,,,,,,,,,,,,,,,,,,,,,,,,,,,,,,,,13.2,,,,10.3,,,11.9,,,,,,10.8,,,11,,,,,8.2,,,,,9.4,,,
High income,HIC,"Prevalence of underweight, weight for age (% of children under 5)",SH.STA.MALN.ZS,,,,,,,,,,,,,,,,,,,,,,,,,,,,,,,,,,,,,,,,,1.383130074,1.355588078,1.328587055,1.302116871,1.276167154,1.25072813,1.225789785,1.201342821,1.177377462,1.153884649,1.130855203,1.108280301,1.086151004,1.064458847,1.043195367,1.022352219,1.001921415,0.981894732,0.962264538,0.943022966,0.924162626,0.905676067,0.887555897
"Hong Kong SAR, China",HKG,"Prevalence of underweight, weight for age (% of children under 5)",SH.STA.MALN.ZS,,,,,,,,,,,,,,,,,,,,,,,,,,,,,,,,,,,,,,,,,,,,,,,,,,,,,,,,,,,,,,,
Honduras,HND,"Prevalence of underweight, weight for age (% of children under 5)",SH.STA.MALN.ZS,,,,,,,,,,,,,,,,,,,,,,,,,,,,18.1,,,,15,,,16.1,,18.2,,,,,12.8,,,,,8.7,,,,,,7.1,,,,,,,7.1,,,
Heavily indebted poor countries (HIPC),HPC,"Prevalence of underweight, weight for age (% of children under 5)",SH.STA.MALN.ZS,,,,,,,,,,,,,,,,,,,,,,,,,,,,,,,,,,,,,,,,,,,,,,,,,,,,,,,,,,,,,,,
Croatia,HRV,"Prevalence of underweight, weight for age (% of children under 5)",SH.STA.MALN.ZS,,,,,,,,,,,,,,,,,,,,,,,,,,,,,,,,,,,,,,,,,,,,,,,,,,,,,,,,,,,,,,,
Haiti,HTI,"Prevalence of underweight, weight for age (% of children under 5)",SH.STA.MALN.ZS,,,,,,,,,,,,,,,,,,,,,,,,,,,,,,,23.7,,,,23.8,,,,,,13.9,,,,,,18.9,,,,,,11.6,,,,,9.5,,,,,
Hungary,HUN,"Prevalence of underweight, weight for age (% of children under 5)",SH.STA.MALN.ZS,,,,,,,,,,,,,,,,,,,,,,,,,,,,,,,,,,,,,,,,,,,,,,,,,,,,,,,,,,,,,,,
IBRD only,IBD,"Prevalence of underweight, weight for age (% of children under 5)",SH.STA.MALN.ZS,,,,,,,,,,,,,,,,,,,,,,,,,,,,,,,,,,,,,,,,,,,,,,,,,,,,,,,,,,,,,,,
IDA & IBRD total,IBT,"Prevalence of underweight, weight for age (% of children under 5)",SH.STA.MALN.ZS,,,,,,,,,,,,,,,,,,,,,,,,,,,,,,,,,,,,,,,,,,,,,,,,,,,,,,,,,,,,,,,
IDA total,IDA,"Prevalence of underweight, weight for age (% of children under 5)",SH.STA.MALN.ZS,,,,,,,,,,,,,,,,,,,,,,,,,,,,,,,,,,,,,,,,,,,,,,,,,,,,,,,,,,,,,,,
IDA blend,IDB,"Prevalence of underweight, weight for age (% of children under 5)",SH.STA.MALN.ZS,,,,,,,,,,,,,,,,,,,,,,,,,,,,,,,,,,,,,,,,,,,,,,,,,,,,,,,,,,,,,,,
Indonesia,IDN,"Prevalence of underweight, weight for age (% of children under 5)",SH.STA.MALN.ZS,,,,,,,,,,,,,,,,,,,,,,,,,,,,35.9,,31,,,29.8,,,,30.3,,25.8,22.8,24.7,23.4,23,23.1,19.7,24.4,,19.6,,,18.6,,,19.9,,,,,17.7,,,,
IDA only,IDX,"Prevalence of underweight, weight for age (% of children under 5)",SH.STA.MALN.ZS,,,,,,,,,,,,,,,,,,,,,,,,,,,,,,,,,,,,,,,,,,,,,,,,,,,,,,,,,,,,,,,
Isle of Man,IMN,"Prevalence of underweight, weight for age (% of children under 5)",SH.STA.MALN.ZS,,,,,,,,,,,,,,,,,,,,,,,,,,,,,,,,,,,,,,,,,,,,,,,,,,,,,,,,,,,,,,,
India,IND,"Prevalence of underweight, weight for age (% of children under 5)",SH.STA.MALN.ZS,,,,,,,,,,,,,,,,,,,,,,,,,,,,,,55.5,,52.8,51.3,,,,,38.4,,45.3,,,,,,,43.5,,,,,,,,29.4,36.3,,33.4,,,31.5,,
Not classified,INX,"Prevalence of underweight, weight for age (% of children under 5)",SH.STA.MALN.ZS,,,,,,,,,,,,,,,,,,,,,,,,,,,,,,,,,,,,,,,,,,,,,,,,,,,,,,,,,,,,,,,
Ireland,IRL,"Prevalence of underweight, weight for age (% of children under 5)",SH.STA.MALN.ZS,,,,,,,,,,,,,,,,,,,,,,,,,,,,,,,,,,,,,,,,,,,,,,,,,,,,,,,,,,,,,,,
"Iran, Islamic Rep.",IRN,"Prevalence of underweight, weight for age (% of children under 5)",SH.STA.MALN.ZS,,,,,,,,,,,,,,,,,,,,,,,,,,,,,,,,,,,,13.8,,,9.5,,,,,,4.6,,,,,,4.1,,,,,,,4.3,,,,,
Iraq,IRQ,"Prevalence of underweight, weight for age (% of children under 5)",SH.STA.MALN.ZS,,,,,,,,,,,,,,,,,,,,,,,,,,,,,,,,10.4,,,,,,,,,12.8,,,10.1,8,,7.1,,,,,7.2,,,,,,,3.9,,,,
Iceland,ISL,"Prevalence of underweight, weight for age (% of children under 5)",SH.STA.MALN.ZS,,,,,,,,,,,,,,,,,,,,,,,,,,,,,,,,,,,,,,,,,,,,,,,,,,,,,,,,,,,,,,,
Israel,ISR,"Prevalence of underweight, weight for age (% of children under 5)",SH.STA.MALN.ZS,,,,,,,,,,,,,,,,,,,,,,,,,,,,,,,,,,,,,,,,,,,,,,,,,,,,,,,,,,,,,,,
Italy,ITA,"Prevalence of underweight, weight for age (% of children under 5)",SH.STA.MALN.ZS,,,,,,,,,,,,,,,,,,,,,,,,,,,,,,,,,,,,,,,,,,,,,,,,,,,,,,,,,,,,,,,
Jamaica,JAM,"Prevalence of underweight, weight for age (% of children under 5)",SH.STA.MALN.ZS,,,,,,,,,,,,,,,,,,,,,,,,,,,,,,5.8,,5.6,5.7,6.1,4.6,4.8,5.6,3.5,3.8,2.1,3.9,4,2.7,,3.1,,4.8,1.8,2.4,,3.4,,2.7,,2.2,,4.4,,2.5,,,,
Jordan,JOR,"Prevalence of underweight, weight for age (% of children under 5)",SH.STA.MALN.ZS,,,,,,,,,,,,,,,,,,,,,,,,,,,,,,,5.1,,,,,,,3.8,,,,,3.7,,,,,,,1.9,,,3,,,,,,,2.7,,,
Japan,JPN,"Prevalence of underweight, weight for age (% of children under 5)",SH.STA.MALN.ZS,,,,,,,,,,,,,,,,,,,,,,,,,,,,,,,,,,,,,,,,,,,,,,,,,,,3.4,,,,,,,,,,,,
Kazakhstan,KAZ,"Prevalence of underweight, weight for age (% of children under 5)",SH.STA.MALN.ZS,,,,,,,,,,,,,,,,,,,,,,,,,,,,,,,,,,,,6.6,,,,3.8,,,,,,,4.9,,,,3.7,,,,,2,,,,,,,
Kenya,KEN,"Prevalence of underweight, weight for age (% of children under 5)",SH.STA.MALN.ZS,,,,,,,,,,,,,,,,,,,,,,,,,,,,,,,,,,19.4,17.9,,,,17.9,,17.1,,,16.4,,18,,,16.5,,,12.4,,,11.2,,13,,,,,,10.1
Kyrgyz Republic,KGZ,"Prevalence of underweight, weight for age (% of children under 5)",SH.STA.MALN.ZS,,,,,,,,,,,,,,,,,,,,,,,,,,,,,,,,,,,,,,8.1,,,,,,,,,2.7,,,4.7,,,3.8,,2.8,,,,1.8,,,,
Cambodia,KHM,"Prevalence of underweight, weight for age (% of children under 5)",SH.STA.MALN.ZS,,,,,,,,,,,,,,,,,,,,,,,,,,,,,,,,,,,,,42.6,,,,39.7,,,,,28.3,,,28.3,,28.9,,,,24.1,,,,,,,16.3,
Kiribati,KIR,"Prevalence of underweight, weight for age (% of children under 5)",SH.STA.MALN.ZS,,,,,,,,,,,,,,,,,,,,,,,,,,11.3,,,,,,,,,,,,,,,,,,,,,,,,15.1,,,,,,,,,6.9,,,,
St. Kitts and Nevis,KNA,"Prevalence of underweight, weight for age (% of children under 5)",SH.STA.MALN.ZS,,,,,,,,,,,,,,,,,,,,,,,,,,,,,,,,,,,,,,,,,,,,,,,,,,,,,,,,,,,,,,,
"Korea, Rep.",KOR,"Prevalence of underweight, weight for age (% of children under 5)",SH.STA.MALN.ZS,,,,,,,,,,,,,,,,,,,,,,,,,,,,,,,,,,,,,,,,,,,,0.9,,,,,,,,0.8,,,0.9,,,0.9,,,0.3,,
Kuwait,KWT,"Prevalence of underweight, weight for age (% of children under 5)",SH.STA.MALN.ZS,,,,,,,,,,,,,,,,,,,,,,,,,,,,,,,,,,,,,1.5,,,,,2.2,2.1,2.3,2.8,2.7,2.7,2.9,2.3,1.7,1.7,2.1,2.2,3.1,3,3.2,3.3,3.6,3.7,2.8,2.5,,
Latin America & Caribbean (excluding high income),LAC,"Prevalence of underweight, weight for age (% of children under 5)",SH.STA.MALN.ZS,,,,,,,,,,,,,,,,,,,,,,,,,,,,,,,,,,,,,,,,,,,,,,,,,,,,,,,,,,,,,,,
Lao PDR,LAO,"Prevalence of underweight, weight for age (% of children under 5)",SH.STA.MALN.ZS,,,,,,,,,,,,,,,,,,,,,,,,,,,,,,,,,,39.8,35.9,,,,,,35.6,,,,,,31.6,,,,,26.6,,,,25.5,,21.1,,,,,
Lebanon,LBN,"Prevalence of underweight, weight for age (% of children under 5)",SH.STA.MALN.ZS,,,,,,,,,,,,,,,,,,,,,,,,,,,,,,,,,,,,,,,,,,,,,4.2,,,,,,,,,,,,,,,,,3.4,
Liberia,LBR,"Prevalence of underweight, weight for age (% of children under 5)",SH.STA.MALN.ZS,,,,,,,,,,,,,,,,,,,,,,,,,,,,,,,,,,,,,,,,,22.8,,,,,,,20.4,,,16.6,,,15.3,,,13.6,,,10.9,,,
Libya,LBY,"Prevalence of underweight, weight for age (% of children under 5)",SH.STA.MALN.ZS,,,,,,,,,,,,,,,,,,,,,,,,,,,,,,,,,,,,4.2,,,,,,,,,,,,5.6,,,,,,,11.7,,,,,,,,
St. Lucia,LCA,"Prevalence of underweight, weight for age (% of children under 5)",SH.STA.MALN.ZS,,,,,,,,,,,,,,,,,,,,,,,,,,,,,,,,,,,,,,,,,,,,,,,,,,,,,2.8,,,,,,,,,,
Latin America & Caribbean,LCN,"Prevalence of underweight, weight for age (% of children under 5)",SH.STA.MALN.ZS,,,,,,,,,,,,,,,,,,,,,,,,,,,,,,,,,,,,,,,,,5.284334183,5.139390469,4.999448776,4.863713264,4.730696678,4.598875046,4.468920708,4.342247486,4.218941689,4.099127769,3.983160019,3.870796204,3.761413336,3.654282808,3.549039364,3.445803642,3.345585585,3.247915268,3.151651144,3.057783127,2.967656612,2.879834175,2.794117451
Least developed countries: UN classification,LDC,"Prevalence of underweight, weight for age (% of children under 5)",SH.STA.MALN.ZS,,,,,,,,,,,,,,,,,,,,,,,,,,,,,,,,,,,,,,,,,,,,,,,,,,,,,,,,,,,,,,,
Low income,LIC,"Prevalence of underweight, weight for age (% of children under 5)",SH.STA.MALN.ZS,,,,,,,,,,,,,,,,,,,,,,,,,,,,,,,,,,,,,,,,,28.69871902,28.12843704,27.56510735,27.00881767,26.45965576,25.91769409,25.38300133,24.8556385,24.33565903,23.82311058,23.3180275,22.82044601,22.33039093,21.84788132,21.37292671,20.90553665,20.44570923,19.99343872,19.54871559,19.11152077,18.68183327,18.25962639,17.8448658
Liechtenstein,LIE,"Prevalence of underweight, weight for age (% of children under 5)",SH.STA.MALN.ZS,,,,,,,,,,,,,,,,,,,,,,,,,,,,,,,,,,,,,,,,,,,,,,,,,,,,,,,,,,,,,,,
Sri Lanka,LKA,"Prevalence of underweight, weight for age (% of children under 5)",SH.STA.MALN.ZS,,,,,,,,,,,,,,,,,,,,,,,,,,,,31.5,,,,,,29.1,,29.3,,,,,22.9,,,,,,,22.1,,21.6,,,26.1,,,,20.5,,,,,,
Lower middle income,LMC,"Prevalence of underweight, weight for age (% of children under 5)",SH.STA.MALN.ZS,,,,,,,,,,,,,,,,,,,,,,,,,,,,,,,,,,,,,,,,,30.30504799,29.60996437,28.92420578,28.24795723,27.58138275,26.92463493,26.2778511,25.64115334,25.01464653,24.39842606,23.79257011,23.19713974,22.61219025,22.03775978,21.47387123,20.92053986,20.37776756,19.84554291,19.32384491,18.81264114,18.31189346,17.82154655,17.3415432
Low & middle income,LMY,"Prevalence of underweight, weight for age (% of children under 5)",SH.STA.MALN.ZS,,,,,,,,,,,,,,,,,,,,,,,,,,,,,,,,,,,,,,,,,22.92998505,22.45392036,21.98567772,21.51016998,21.02104759,20.53142929,20.03726006,19.52898788,19.01376724,18.50245094,18.01231194,17.54159355,17.06880951,16.6089344,16.1686554,15.74407768,15.33712673,14.94906616,14.60413647,14.30585003,14.04428577,13.82208157,13.62808228
Lesotho,LSO,"Prevalence of underweight, weight for age (% of children under 5)",SH.STA.MALN.ZS,,,,,,,,,,,,,,,,,,,,,,,,,,,,,,,,,13.8,18.9,,,,,,,,,,,16.6,,,,,13.4,,,,,10.5,,,,10.5,,,,
Late-demographic dividend,LTE,"Prevalence of underweight, weight for age (% of children under 5)",SH.STA.MALN.ZS,,,,,,,,,,,,,,,,,,,,,,,,,,,,,,,,,,,,,,,,,,,,,,,,,,,,,,,,,,,,,,,
Lithuania,LTU,"Prevalence of underweight, weight for age (% of children under 5)",SH.STA.MALN.ZS,,,,,,,,,,,,,,,,,,,,,,,,,,,,,,,,,,,,,,,,,,,,,,,,,,,,,,,,,,,,,,2.6,
Luxembourg,LUX,"Prevalence of underweight, weight for age (% of children under 5)",SH.STA.MALN.ZS,,,,,,,,,,,,,,,,,,,,,,,,,,,,,,,,,,,,,,,,,,,,,,,,,,,,,,,,,,,,,,,
Latvia,LVA,"Prevalence of underweight, weight for age (% of children under 5)",SH.STA.MALN.ZS,,,,,,,,,,,,,,,,,,,,,,,,,,,,,,,,,,,,,,,,,,,,,,,,,,,,,,,,,,,,,,0,
"Macao SAR, China",MAC,"Prevalence of underweight, weight for age (% of children under 5)",SH.STA.MALN.ZS,,,,,,,,,,,,,,,,,,,,,,,,,,,,,,,,,,,,,,,,,,,,,,,,,,,,,,,,,,,,,,,
St. Martin (French part),MAF,"Prevalence of underweight, weight for age (% of children under 5)",SH.STA.MALN.ZS,,,,,,,,,,,,,,,,,,,,,,,,,,,,,,,,,,,,,,,,,,,,,,,,,,,,,,,,,,,,,,,
Morocco,MAR,"Prevalence of underweight, weight for age (% of children under 5)",SH.STA.MALN.ZS,,,,,,,,,,,,,,,,,,,,,,,,,,,,10.4,,,,,8.1,,,,,7.7,,,,,,9.8,,,,,,,,2.9,,,,,,2.6,,2.8,,,
Monaco,MCO,"Prevalence of underweight, weight for age (% of children under 5)",SH.STA.MALN.ZS,,,,,,,,,,,,,,,,,,,,,,,,,,,,,,,,,,,,,,,,,,,,,,,,,,,,,,,,,,,,,,,
Moldova,MDA,"Prevalence of underweight, weight for age (% of children under 5)",SH.STA.MALN.ZS,,,,,,,,,,,,,,,,,,,,,,,,,,,,,,,,,,,,,,,,,,,,,,3.2,,,,,,,2.2,,,,,,,,,,
Madagascar,MDG,"Prevalence of underweight, weight for age (% of children under 5)",SH.STA.MALN.ZS,,,,,,,,,,,,,,,,,,,,,,,,,,,,,,,,,35.2,40.9,,30.4,,35.6,,,,,,,36.7,,,,,,,,32.6,,,,,,26.4,,,22.6,
Maldives,MDV,"Prevalence of underweight, weight for age (% of children under 5)",SH.STA.MALN.ZS,,,,,,,,,,,,,,,,,,,,,,,,,,,,,,,,,,,32.5,39,,37.9,,,,25.7,,,,,,,,17.7,,,,,,,,14.8,,,,,
Middle East & North Africa,MEA,"Prevalence of underweight, weight for age (% of children under 5)",SH.STA.MALN.ZS,,,,,,,,,,,,,,,,,,,,,,,,,,,,,,,,,,,,,,,,,8.813995361,8.542525291,8.27865696,8.02222538,7.773062706,7.531005383,7.295889854,7.06755352,6.845835209,6.630576611,6.421619892,6.218809128,6.021992207,5.831016541,5.645733356,5.465996265,5.291660309,5.122582912,4.958625317,4.799650192,4.645522594,4.496110916,4.351284981
Mexico,MEX,"Prevalence of underweight, weight for age (% of children under 5)",SH.STA.MALN.ZS,,,,,,,,,,,,,,,,,,,,,,,,,,,,,10.9,9.6,,,,,,,10.3,,5.6,,,,4.2,,,6,3.4,,,,,,2.8,,,3.9,4.2,,,4.7,4.6,4.2,
Marshall Islands,MHL,"Prevalence of underweight, weight for age (% of children under 5)",SH.STA.MALN.ZS,,,,,,,,,,,,,,,,,,,,,,,,,,,,,,,,,,,,,,,,,,,,,,,,,,,,,,,,,,11.9,,,,,
Middle income,MIC,"Prevalence of underweight, weight for age (% of children under 5)",SH.STA.MALN.ZS,,,,,,,,,,,,,,,,,,,,,,,,,,,,,,,,,,,,,,,,,22.06382179,21.58481407,21.11136627,20.62822151,20.13099861,19.63182449,19.12467957,18.60087585,18.06981468,17.54362106,17.04146767,16.56200027,16.08108902,15.6144762,15.16833496,14.73798847,14.325737,13.93206406,13.58362103,13.2848978,13.02573109,12.81046963,12.6279068
North Macedonia,MKD,"Prevalence of underweight, weight for age (% of children under 5)",SH.STA.MALN.ZS,,,,,,,,,,,,,,,,,,,,,,,,,,,,,,,,,,,,,,,,2.1,,,,,,1.8,,,,,,1.3,,,,,,,,0.9,,,
Mali,MLI,"Prevalence of underweight, weight for age (% of children under 5)",SH.STA.MALN.ZS,,,,,,,,,,,,,,,,,,,,,,,,,,,,27.4,,,,,,,,,39.6,,,,,30,,,,,27.9,,,,18.9,20,,,24.1,25,20.2,17.1,18.6,16.9,14.9,17.5,18.5
Malta,MLT,"Prevalence of underweight, weight for age (% of children under 5)",SH.STA.MALN.ZS,,,,,,,,,,,,,,,,,,,,,,,,,,,,,,,,,,,,,,,,,,,,,,,,,,,,,,,,,,,,,,,
Myanmar,MMR,"Prevalence of underweight, weight for age (% of children under 5)",SH.STA.MALN.ZS,,,,,,,,,,,,,,,,,,,,,,,,,,,,,,,32.5,37,,,31.2,38.7,,28.1,,,30,,,29.2,,,,,,22.6,,,,,,,18.5,,19.5,,,,
Middle East & North Africa (excluding high income),MNA,"Prevalence of underweight, weight for age (% of children under 5)",SH.STA.MALN.ZS,,,,,,,,,,,,,,,,,,,,,,,,,,,,,,,,,,,,,,,,,,,,,,,,,,,,,,,,,,,,,,,
Montenegro,MNE,"Prevalence of underweight, weight for age (% of children under 5)",SH.STA.MALN.ZS,,,,,,,,,,,,,,,,,,,,,,,,,,,,,,,,,,,,,,,,,,,,,,2.2,,,,,,,,1,,,,,3.7,,,,
Mongolia,MNG,"Prevalence of underweight, weight for age (% of children under 5)",SH.STA.MALN.ZS,,,,,,,,,,,,,,,,,,,,,,,,,,,,,,,,,11.8,,,,,,,10.8,11.6,,,,5.1,5.3,,,,,3.3,,,1.6,,,0.8,,1.8,,,,
Northern Mariana Islands,MNP,"Prevalence of underweight, weight for age (% of children under 5)",SH.STA.MALN.ZS,,,,,,,,,,,,,,,,,,,,,,,,,,,,,,,,,,,,,,,,,,,,,,,,,,,,,,,,,,,,,,,
Mozambique,MOZ,"Prevalence of underweight, weight for age (% of children under 5)",SH.STA.MALN.ZS,,,,,,,,,,,,,,,,,,,,,,,,,,,,,,,,,,,,23.9,,24.6,,,,24.5,,21.2,,,,,18.2,,,15.6,,,,15.6,,,,,14.8,,
Mauritania,MRT,"Prevalence of underweight, weight for age (% of children under 5)",SH.STA.MALN.ZS,,,,,,,,,,,,,,,,,,,,,,,,,,,,,,,,,,,,,20.3,,,,29.7,,,,,,,25.5,16.5,,,24.4,20.4,,,24.9,,,19.2,17.3,16.8,14.8,22.4
Mauritius,MUS,"Prevalence of underweight, weight for age (% of children under 5)",SH.STA.MALN.ZS,,,,,,,,,,,,,,,,,,,,,,,,,,21.1,,,,,,,,,,13,,,,,,,,,,,,,,,,,,,,,,,,,,,
Malawi,MWI,"Prevalence of underweight, weight for age (% of children under 5)",SH.STA.MALN.ZS,,,,,,,,,,,,,,,,,,,,,,,,,,,,,,,,,24.4,,,26.5,,,23.5,,21.5,,21.7,,18.6,,15.6,,,11.7,13.9,,,,16.7,11.8,14.6,12.3,11.5,8.8,12.8,,
Malaysia,MYS,"Prevalence of underweight, weight for age (% of children under 5)",SH.STA.MALN.ZS,,,,,,,,,,,,,,,,,,,,,,,,,,,,,,,22.1,23.1,22.6,20.5,19.7,17.7,,,,16.7,,,,,,,12.7,,,,,,,,,12.4,13.7,,,14.1,,,
North America,NAC,"Prevalence of underweight, weight for age (% of children under 5)",SH.STA.MALN.ZS,,,,,,,,,,,,,,,,,,,,,,,,,,,,,,,,,,,,,,,,,0.890487909,0.877940536,0.865568399,0.853369117,0.841340303,0.829479694,0.817784846,0.806253552,0.794883549,0.783672631,0.772618592,0.761719286,0.750972569,0.740376353,0.729928493,0.719627082,0.709469974,0.699455202,0.689580858,0.679844916,0.670245528,0.660780787,0.651448786
Namibia,NAM,"Prevalence of underweight, weight for age (% of children under 5)",SH.STA.MALN.ZS,,,,,,,,,,,,,,,,,,,,,,,,,,,,,,,,,21.4,,,,,,,,20.2,,,,,,,17.4,,,,,,13.2,,,,,,,,,
New Caledonia,NCL,"Prevalence of underweight, weight for age (% of children under 5)",SH.STA.MALN.ZS,,,,,,,,,,,,,,,,,,,,,,,,,,,,,,,,,,,,,,,,,,,,,,,,,,,,,,,,,,,,,,,
Niger,NER,"Prevalence of underweight, weight for age (% of children under 5)",SH.STA.MALN.ZS,,,,,,,,,,,,,,,,,,,,,,,,,,45,,,,,,,38.7,,,,,,46.7,,43.1,,,,,,39.9,37.9,34.6,33.5,40,36.2,38,33.1,34.6,35.8,32,,37.5,31.3,33.4,33.2,34.6
Nigeria,NGA,"Prevalence of underweight, weight for age (% of children under 5)",SH.STA.MALN.ZS,,,,,,,,,,,,,,,,,,,,,,,,,,,,,,,33.1,,,35.1,,,,,,,,,,26.7,,,,,,,,24.2,,,20.6,19.5,31.5,,21.8,,18.4,,
Nicaragua,NIC,"Prevalence of underweight, weight for age (% of children under 5)",SH.STA.MALN.ZS,,,,,,,,,,,,,,,,,,,,,,,,,,,,,,,,,,9.6,,,,,10.3,,,7.7,,,3.4,,,5.7,,,,,4.6,,,,,,,,,,
Netherlands,NLD,"Prevalence of underweight, weight for age (% of children under 5)",SH.STA.MALN.ZS,,,,,,,,,,,,,,,,,,,,,,,,,,,,,,,,,,,,,1.1,,,,,,,,,,,,,1,,,,,,,,,,,,,
Norway,NOR,"Prevalence of underweight, weight for age (% of children under 5)",SH.STA.MALN.ZS,,,,,,,,,,,,,,,,,,,,,,,,,,,,,,,,,,,,,,,,,,,,,,,,,,,,,,,,,,,,,,,
Nepal,NPL,"Prevalence of underweight, weight for age (% of children under 5)",SH.STA.MALN.ZS,,,,,,,,,,,,,,,,,,,,,,,,,,,,,,,,,,,,42.6,42.9,,36.5,,,42.8,,,,,38.6,,,,,28.9,,,29.7,,27.3,,,24.4,,,18.7
Nauru,NRU,"Prevalence of underweight, weight for age (% of children under 5)",SH.STA.MALN.ZS,,,,,,,,,,,,,,,,,,,,,,,,,,,,,,,,,,,,,,,,,,,,,,,,4.8,,,,,,,,,,,,,,,
New Zealand,NZL,"Prevalence of underweight, weight for age (% of children under 5)",SH.STA.MALN.ZS,,,,,,,,,,,,,,,,,,,,,,,,,,,,,,,,,,,,,,,,,,,,,,,,,,,,,,,,,,,,,,,
OECD members,OED,"Prevalence of underweight, weight for age (% of children under 5)",SH.STA.MALN.ZS,,,,,,,,,,,,,,,,,,,,,,,,,,,,,,,,,,,,,,,,,,,,,,,,,,,,,,,,,,,,,,,
Oman,OMN,"Prevalence of underweight, weight for age (% of children under 5)",SH.STA.MALN.ZS,,,,,,,,,,,,,,,,,,,,,,,,,,,,,,,,18.6,,,10.7,,,,,13,,,,,,,,,,8.6,,,,,9.7,,,11.2,,,,,
Other small states,OSS,"Prevalence of underweight, weight for age (% of children under 5)",SH.STA.MALN.ZS,,,,,,,,,,,,,,,,,,,,,,,,,,,,,,,,,,,,,,,,,,,,,,,,,,,,,,,,,,,,,,,
Pakistan,PAK,"Prevalence of underweight, weight for age (% of children under 5)",SH.STA.MALN.ZS,,,,,,,,,,,,,,,,,,,,,,,,,,,44.4,,,,,38.4,35.3,,,34.2,,,,,,31.2,,,,,,,,,,31.4,,31.8,,,,,23.1,,,,
Panama,PAN,"Prevalence of underweight, weight for age (% of children under 5)",SH.STA.MALN.ZS,,,,,,,,,,,,,,,,,,,,,,,,,,,,,,,,,,,,,,5,,,,,,5.3,,,,,3.9,,,,,,,,,,,2.9,,,
Peru,PER,"Prevalence of underweight, weight for age (% of children under 5)",SH.STA.MALN.ZS,,,,,,,,,,,,,,,,,,,,,,,,,,,,,,,,8.8,,,,,5.7,,,,5.2,,,,,5.4,,4.3,,4.3,4.3,4.2,3.4,3.6,3.2,3.4,3.2,3.2,2.6,2.4,2.2,2.1,
Philippines,PHL,"Prevalence of underweight, weight for age (% of children under 5)",SH.STA.MALN.ZS,,,,,,,,,,,,,,,,,,,,,,,,,,,,29.3,,,29.9,,29.8,26.3,,,,,28.3,,,,,20.7,,,,,20.6,,,20.2,,19.9,,21.4,,,,,,,
Palau,PLW,"Prevalence of underweight, weight for age (% of children under 5)",SH.STA.MALN.ZS,,,,,,,,,,,,,,,,,,,,,,,,,,,,,,,,,,,,,,,,,,,,,,,,,,,,,,,,,,,,,,,
Papua New Guinea,PNG,"Prevalence of underweight, weight for age (% of children under 5)",SH.STA.MALN.ZS,,,,,,,,,,,,,,,,,,,,,,,,22.8,,,,,,,,,,,,,,,,,,,,,,17.2,,,,,27.8,,,,,,,,,,,,
Poland,POL,"Prevalence of underweight, weight for age (% of children under 5)",SH.STA.MALN.ZS,,,,,,,,,,,,,,,,,,,,,,,,,,,,,,,,,,,,,,,,,,,,,,,,,,,,0.8,,,,,,,,,,,
Pre-demographic dividend,PRE,"Prevalence of underweight, weight for age (% of children under 5)",SH.STA.MALN.ZS,,,,,,,,,,,,,,,,,,,,,,,,,,,,,,,,,,,,,,,,,,,,,,,,,,,,,,,,,,,,,,,
Puerto Rico,PRI,"Prevalence of underweight, weight for age (% of children under 5)",SH.STA.MALN.ZS,,,,,,,,,,,,,,,,,,,,,,,,,,,,,,,,,,,,,,,,,,,,,,,,,,,,,,,,,,,,,,,
"Korea, Dem. People's Rep.",PRK,"Prevalence of underweight, weight for age (% of children under 5)",SH.STA.MALN.ZS,,,,,,,,,,,,,,,,,,,,,,,,,,,,,,,,,,,,,,,55.5,,24.7,,17.7,,20.6,,,,,18.8,,,15.2,,,,,9.3,,,,,
Portugal,PRT,"Prevalence of underweight, weight for age (% of children under 5)",SH.STA.MALN.ZS,,,,,,,,,,,,,,,,,,,,,,,,,,,,,,,,,,,,,,,,,,,,,,,,,,,,,,,,,0.9,,,,,,
Paraguay,PRY,"Prevalence of underweight, weight for age (% of children under 5)",SH.STA.MALN.ZS,,,,,,,,,,,,,,,,,,,,,,,,,,,,,,,2.8,,,,,,,,,,,,,,,3.4,,,,,,,2.6,,,,1.3,,,,,,
West Bank and Gaza,PSE,"Prevalence of underweight, weight for age (% of children under 5)",SH.STA.MALN.ZS,,,,,,,,,,,,,,,,,,,,,,,,,,,,,,,,,,,,,2.5,,,,2.2,,2.4,,3.3,,2.6,,,,3.7,,,,1.4,,,,,,2.1,,
Pacific island small states,PSS,"Prevalence of underweight, weight for age (% of children under 5)",SH.STA.MALN.ZS,,,,,,,,,,,,,,,,,,,,,,,,,,,,,,,,,,,,,,,,,,,,,,,,,,,,,,,,,,,,,,,
Post-demographic dividend,PST,"Prevalence of underweight, weight for age (% of children under 5)",SH.STA.MALN.ZS,,,,,,,,,,,,,,,,,,,,,,,,,,,,,,,,,,,,,,,,,,,,,,,,,,,,,,,,,,,,,,,
French Polynesia,PYF,"Prevalence of underweight, weight for age (% of children under 5)",SH.STA.MALN.ZS,,,,,,,,,,,,,,,,,,,,,,,,,,,,,,,,,,,,,,,,,,,,,,,,,,,,,,,,,,,,,,,
Qatar,QAT,"Prevalence of underweight, weight for age (% of children under 5)",SH.STA.MALN.ZS,,,,,,,,,,,,,,,,,,,,,,,,,,,,,,,,,,,,4.8,,,,,,,,,,,,,,,,,,,,,,,,,,,
Romania,ROU,"Prevalence of underweight, weight for age (% of children under 5)",SH.STA.MALN.ZS,,,,,,,,,,,,,,,,,,,,,,,,,,,,,,,,5,,,,,,,,3.4,3.7,3.8,3.5,,,,,,,,,,,,,,,,,,,,
Russian Federation,RUS,"Prevalence of underweight, weight for age (% of children under 5)",SH.STA.MALN.ZS,,,,,,,,,,,,,,,,,,,,,,,,,,,,,,,,,,,,,,,,,,,,,,,,,,,,,,,,,,,,,,,
Rwanda,RWA,"Prevalence of underweight, weight for age (% of children under 5)",SH.STA.MALN.ZS,,,,,,,,,,,,,,,,,,,,,,,,,,,,,,,,,24.2,,,,22.6,,,,20.3,,,,,17.9,,,,14.3,11.7,,11.8,,,9.6,,,12.2,,7.7,,
South Asia,SAS,"Prevalence of underweight, weight for age (% of children under 5)",SH.STA.MALN.ZS,,,,,,,,,,,,,,,,,,,,,,,,,,,,,,,,,,,,,,,,,42.77058792,41.9341011,41.10222244,40.27540207,39.45407486,38.63866043,37.82956696,37.02719116,36.23191833,35.44411087,34.66412354,33.89228821,33.12892151,32.37433243,31.62879944,30.89259338,30.16596222,29.44913864,28.74234009,28.0457592,27.35957909,26.68396187,26.01905251
Saudi Arabia,SAU,"Prevalence of underweight, weight for age (% of children under 5)",SH.STA.MALN.ZS,,,,,,,,,,,,,,,,,,,,,,,,,,,,,,,,,,,13.5,,,,,,,,,,5.3,,,,,,,,,,,5.8,4.6,6.2,3.3,4,3.5,,
Sudan,SDN,"Prevalence of underweight, weight for age (% of children under 5)",SH.STA.MALN.ZS,,,,,,,,,,,,,,,,,,,,,,,,,,,,,,,,,,,,,,,,,,,,,,,27,,,,29.8,,,,33,,,,,,,,
Senegal,SEN,"Prevalence of underweight, weight for age (% of children under 5)",SH.STA.MALN.ZS,,,,,,,,,,,,,,,,,,,,,,,,,,,17,,,,,20.4,,19,,,19.6,,,,17.8,,,,,14.5,,,,,,18.4,14.4,16.7,12.8,16.1,13.8,14.4,15.1,14.4,,,
Singapore,SGP,"Prevalence of underweight, weight for age (% of children under 5)",SH.STA.MALN.ZS,,,,,,,,,,,,,,,,,,,,,,,,,,,,,,,,,,,,,,,,,3.3,,,,,,,,,,,,,,,,,,,,,,
Solomon Islands,SLB,"Prevalence of underweight, weight for age (% of children under 5)",SH.STA.MALN.ZS,,,,,,,,,,,,,,,,,,,,,,,,,,,,,,16.3,,,,,,,,,,,,,,,,,,11.8,,,,,,,,16.2,,,,,,,
Sierra Leone,SLE,"Prevalence of underweight, weight for age (% of children under 5)",SH.STA.MALN.ZS,,,,,,,,,,,,,,,,,,,,,,,,,,,,,,23.7,25.4,,,,,,,,,,23.4,,,,,27.2,,,,,18.5,,,,13,,,15.6,,13.5,,12,
El Salvador,SLV,"Prevalence of underweight, weight for age (% of children under 5)",SH.STA.MALN.ZS,,,,,,,,,,,,,,,,,,,,,,,,,,,,,11.1,,,,,8,,,,,9.7,,,,,6.1,,,,,6.7,,,,,,5,,,,,,,,
San Marino,SMR,"Prevalence of underweight, weight for age (% of children under 5)",SH.STA.MALN.ZS,,,,,,,,,,,,,,,,,,,,,,,,,,,,,,,,,,,,,,,,,,,,,,,,,,,,,,,,,,,,,,,
Somalia,SOM,"Prevalence of underweight, weight for age (% of children under 5)",SH.STA.MALN.ZS,,,,,,,,,,,,,,,,,,,,,,,,,,,,,,,,,,,,,,,,22.8,,,,,,,32.8,,,22.5,,,,,,,,,,,,,
Serbia,SRB,"Prevalence of underweight, weight for age (% of children under 5)",SH.STA.MALN.ZS,,,,,,,,,,,,,,,,,,,,,,,,,,,,,,,,,,,,,,,,,,,,,,1.8,,,,,1.6,,,,1.8,,,,,1,,,
Sub-Saharan Africa (excluding high income),SSA,"Prevalence of underweight, weight for age (% of children under 5)",SH.STA.MALN.ZS,,,,,,,,,,,,,,,,,,,,,,,,,,,,,,,,,,,,,,,,,,,,,,,,,,,,,,,,,,,,,,,
South Sudan,SSD,"Prevalence of underweight, weight for age (% of children under 5)",SH.STA.MALN.ZS,,,,,,,,,,,,,,,,,,,,,,,,,,,,,,,,,,,,,,,,,,,,,,,32.5,,,,27.7,,,,,,,,,,,,
Sub-Saharan Africa,SSF,"Prevalence of underweight, weight for age (% of children under 5)",SH.STA.MALN.ZS,,,,,,,,,,,,,,,,,,,,,,,,,,,,,,,,,,,,,,,,,24.80416298,24.33750343,23.87683678,23.42218971,22.97358704,22.53104782,22.09458923,21.6642189,21.23994827,20.82177734,20.40970612,20.00372887,19.60383797,19.21002197,18.82226563,18.44054985,18.06485176,17.69514656,17.33140945,16.9736042,16.62170219,16.27566719,15.93545723
Small states,SST,"Prevalence of underweight, weight for age (% of children under 5)",SH.STA.MALN.ZS,,,,,,,,,,,,,,,,,,,,,,,,,,,,,,,,,,,,,,,,,,,,,,,,,,,,,,,,,,,,,,,
Sao Tome and Principe,STP,"Prevalence of underweight, weight for age (% of children under 5)",SH.STA.MALN.ZS,,,,,,,,,,,,,,,,,,,,,,,,,,,14.5,,,,,,,,,,,,,,,,,,,,,,,,,,,,8.8,,,,,5.4,,,
Suriname,SUR,"Prevalence of underweight, weight for age (% of children under 5)",SH.STA.MALN.ZS,,,,,,,,,,,,,,,,,,,,,,,,,,,,,,,,,,,,,,,,,11.1,,,,,,7.5,,,,5.8,,,,,,,,6.7,,,,
Slovak Republic,SVK,"Prevalence of underweight, weight for age (% of children under 5)",SH.STA.MALN.ZS,,,,,,,,,,,,,,,,,,,,,,,,,,,,,,,,,,,,,,,,,,,,,,,,,,,,,,,,,,,,,,,
Slovenia,SVN,"Prevalence of underweight, weight for age (% of children under 5)",SH.STA.MALN.ZS,,,,,,,,,,,,,,,,,,,,,,,,,,,,,,,,,,,,,,,,,,,,,,,,,,,,,,,,,,,,,,,
Sweden,SWE,"Prevalence of underweight, weight for age (% of children under 5)",SH.STA.MALN.ZS,,,,,,,,,,,,,,,,,,,,,,,,,,,,,,,,,,,,,,,,,,,,,,,,,,,,,,,,,,,,,,,
Eswatini,SWZ,"Prevalence of underweight, weight for age (% of children under 5)",SH.STA.MALN.ZS,,,,,,,,,,,,,,,,,,,,,,,,,,,,,,,,,,,,,,,,,9.1,,,,,,6,,7.3,,5.9,,,,5.8,,,,,,,,
Sint Maarten (Dutch part),SXM,"Prevalence of underweight, weight for age (% of children under 5)",SH.STA.MALN.ZS,,,,,,,,,,,,,,,,,,,,,,,,,,,,,,,,,,,,,,,,,,,,,,,,,,,,,,,,,,,,,,,
Seychelles,SYC,"Prevalence of underweight, weight for age (% of children under 5)",SH.STA.MALN.ZS,,,,,,,,,,,,,,,,,,,,,,,,,,,,,5,,,,,,,,,,,,,,,,,,,,,,,,3.8,,,,,,,,,,
Syrian Arab Republic,SYR,"Prevalence of underweight, weight for age (% of children under 5)",SH.STA.MALN.ZS,,,,,,,,,,,,,,,,,,,,,,,,,,,,,,,,,,11.5,,11.3,,,,,6,11.5,,,,,10,,,,10.4,,,,,,,,,,,,
Turks and Caicos Islands,TCA,"Prevalence of underweight, weight for age (% of children under 5)",SH.STA.MALN.ZS,,,,,,,,,,,,,,,,,,,,,,,,,,,,,,,,,,,,,,,,,,,,,,,,,,,,,,,,,,,,,0.4,,
Chad,TCD,"Prevalence of underweight, weight for age (% of children under 5)",SH.STA.MALN.ZS,,,,,,,,,,,,,,,,,,,,,,,,,,,,,,,,,,,,,,34.3,,,29.2,,,,33.9,,,,,,30.3,,,,,29.4,,24.3,24.7,29.2,18.9,21.4,18.9
East Asia & Pacific (IDA & IBRD countries),TEA,"Prevalence of underweight, weight for age (% of children under 5)",SH.STA.MALN.ZS,,,,,,,,,,,,,,,,,,,,,,,,,,,,,,,,,,,,,,,,,,,,,,,,,,,,,,,,,,,,,,,
Europe & Central Asia (IDA & IBRD countries),TEC,"Prevalence of underweight, weight for age (% of children under 5)",SH.STA.MALN.ZS,,,,,,,,,,,,,,,,,,,,,,,,,,,,,,,,,,,,,,,,,,,,,,,,,,,,,,,,,,,,,,,
Togo,TGO,"Prevalence of underweight, weight for age (% of children under 5)",SH.STA.MALN.ZS,,,,,,,,,,,,,,,,,,,,,,,,,,,,,18.3,,,,,,,,16.7,,22.8,,,,,,,,,,20.5,16.6,16.6,,16.5,,16.1,,,15.2,,,,,
Thailand,THA,"Prevalence of underweight, weight for age (% of children under 5)",SH.STA.MALN.ZS,,,,,,,,,,,,,,,,,,,,,,,,,,,,18.2,,,,,,16.3,,15.4,,,,,,,,,,,7,,,,,,9.2,,,,6.7,,,7.7,,,
Tajikistan,TJK,"Prevalence of underweight, weight for age (% of children under 5)",SH.STA.MALN.ZS,,,,,,,,,,,,,,,,,,,,,,,,,,,,,,,,,,,,,,,,,,,,,,14.9,,15.1,,8.2,,,13.3,,,,6.4,7.6,,,,,
Turkmenistan,TKM,"Prevalence of underweight, weight for age (% of children under 5)",SH.STA.MALN.ZS,,,,,,,,,,,,,,,,,,,,,,,,,,,,,,,,,,,,,,,,,11,,,,,,9.2,,,,,,,,,3.2,,,,3.1,,,
Latin America & the Caribbean (IDA & IBRD countries),TLA,"Prevalence of underweight, weight for age (% of children under 5)",SH.STA.MALN.ZS,,,,,,,,,,,,,,,,,,,,,,,,,,,,,,,,,,,,,,,,,,,,,,,,,,,,,,,,,,,,,,,
Timor-Leste,TLS,"Prevalence of underweight, weight for age (% of children under 5)",SH.STA.MALN.ZS,,,,,,,,,,,,,,,,,,,,,,,,,,,,,,,,,,,,,,,,,,,40.6,41.5,,,,49.5,,44.9,,,,37.5,32.4,,,,,,31.9,,
Middle East & North Africa (IDA & IBRD countries),TMN,"Prevalence of underweight, weight for age (% of children under 5)",SH.STA.MALN.ZS,,,,,,,,,,,,,,,,,,,,,,,,,,,,,,,,,,,,,,,,,,,,,,,,,,,,,,,,,,,,,,,
Tonga,TON,"Prevalence of underweight, weight for age (% of children under 5)",SH.STA.MALN.ZS,,,,,,,,,,,,,,,,,,,,,,,,,,,,,,,,,,,,,,,,,,,,,,,,,,,,,1.8,,,,,,,0.8,,,
South Asia (IDA & IBRD),TSA,"Prevalence of underweight, weight for age (% of children under 5)",SH.STA.MALN.ZS,,,,,,,,,,,,,,,,,,,,,,,,,,,,,,,,,,,,,,,,,,,,,,,,,,,,,,,,,,,,,,,
Sub-Saharan Africa (IDA & IBRD countries),TSS,"Prevalence of underweight, weight for age (% of children under 5)",SH.STA.MALN.ZS,,,,,,,,,,,,,,,,,,,,,,,,,,,,,,,,,,,,,,,,,,,,,,,,,,,,,,,,,,,,,,,
Trinidad and Tobago,TTO,"Prevalence of underweight, weight for age (% of children under 5)",SH.STA.MALN.ZS,,,,,,,,,,,,,,,,,,,,,,,,,,,,4.7,,,,,,,,,,,,,4.3,,,,,,,,,,,4.9,,,,,,,,,,,
Tunisia,TUN,"Prevalence of underweight, weight for age (% of children under 5)",SH.STA.MALN.ZS,,,,,,,,,,,,,,,,,,,,,,,,,,,,,8.6,,,,,,,,,3.3,,,3.5,,,,,,3.3,,,,,,2.3,,,,,,1.6,,,,
Turkiye,TUR,"Prevalence of underweight, weight for age (% of children under 5)",SH.STA.MALN.ZS,,,,,,,,,,,,,,,,,,,,,,,,,,,,,,,,,,8.7,,9,,,7,,,,,,3.5,,,,1.9,,,,,2.3,,,,,1.5,,,,
Tuvalu,TUV,"Prevalence of underweight, weight for age (% of children under 5)",SH.STA.MALN.ZS,,,,,,,,,,,,,,,,,,,,,,,,,,,,,,,,,,,,,,,,,,,,,,,,1.6,,,,,,,,,,,,2.9,,,
Tanzania,TZA,"Prevalence of underweight, weight for age (% of children under 5)",SH.STA.MALN.ZS,,,,,,,,,,,,,,,,,,,,,,,,,,,,,,,,24.8,,,,,26.8,,,25.3,,,,,16.7,,,,,16.4,16.1,14.1,,13.1,13.4,13.7,,,14.6,13.2,,,12.1
Uganda,UGA,"Prevalence of underweight, weight for age (% of children under 5)",SH.STA.MALN.ZS,,,,,,,,,,,,,,,,,,,,,,,,,,,,,19.7,,,,,,,21.3,,,,,19.2,,,,,,16.3,,,15.7,,14.1,11.9,,11.7,8.8,10.4,,7.7,,7.6,,
Ukraine,UKR,"Prevalence of underweight, weight for age (% of children under 5)",SH.STA.MALN.ZS,,,,,,,,,,,,,,,,,,,,,,,,,,,,,,,,,,,,,,,,,4.1,,,,,,,,,,,,,,,,,,,,,,
Upper middle income,UMC,"Prevalence of underweight, weight for age (% of children under 5)",SH.STA.MALN.ZS,,,,,,,,,,,,,,,,,,,,,,,,,,,,,,,,,,,,,,,,,6.852345467,6.470205784,6.107979774,5.764782429,5.439751625,5.132048607,4.84085989,4.565398216,4.304902077,4.058637142,3.825896978,3.606001377,3.398298025,3.202160597,3.016990185,2.842213154,2.67728138,2.521672249,2.374886751,2.23644948,2.105907917,1.982831597,1.866811156
Uruguay,URY,"Prevalence of underweight, weight for age (% of children under 5)",SH.STA.MALN.ZS,,,,,,,,,,,,,,,,,,,,,,,,,,,,6.5,,,,,,,,,,,,4.8,,,5.4,5.1,6,,,4,,,,4,,1.1,,,3.3,,1.8,,,,
United States,USA,"Prevalence of underweight, weight for age (% of children under 5)",SH.STA.MALN.ZS,,,,,,,,,,,,,,,,,,,,,,,,,,,,,,,,0.8,,,,,,,,,1.1,,0.8,,1.3,,0.7,,0.7,,1,,0.5,,0.7,,1.4,,0.4,,,,
Uzbekistan,UZB,"Prevalence of underweight, weight for age (% of children under 5)",SH.STA.MALN.ZS,,,,,,,,,,,,,,,,,,,,,,,,,,,,,,,,,,,,,15.3,,,,,,7.4,,,,4.4,,,,,,,,,,,2.9,,,,1.8,
St. Vincent and the Grenadines,VCT,"Prevalence of underweight, weight for age (% of children under 5)",SH.STA.MALN.ZS,,,,,,,,,,,,,,,,,,,,,,,,,,,,,,,,,,,,,,,,,,,,,,,,,,,,,,,,,,,,,,,
"Venezuela, RB",VEN,"Prevalence of underweight, weight for age (% of children under 5)",SH.STA.MALN.ZS,,,,,,,,,,,,,,,,,,,,,,,,,,,,3.9,,,6.7,5.4,4.5,4,3.9,4.1,4.4,4.5,4.6,4.1,3.9,4,4.2,4.6,4.5,4.1,3.9,3.7,3.2,2.9,,,,,,,,,,,,,
British Virgin Islands,VGB,"Prevalence of underweight, weight for age (% of children under 5)",SH.STA.MALN.ZS,,,,,,,,,,,,,,,,,,,,,,,,,,,,,,,,,,,,,,,,,,,,,,,,,,,,,,,,,,,,,,,
Virgin Islands (U.S.),VIR,"Prevalence of underweight, weight for age (% of children under 5)",SH.STA.MALN.ZS,,,,,,,,,,,,,,,,,,,,,,,,,,,,,,,,,,,,,,,,,,,,,,,,,,,,,,,,,,,,,,,
Vietnam,VNM,"Prevalence of underweight, weight for age (% of children under 5)",SH.STA.MALN.ZS,,,,,,,,,,,,,,,,,,,,,,,,,,,,,40.7,,,,,36.6,40.6,,,,35.8,31.1,26.7,,23.3,24.6,23.6,22.8,21.9,21.6,20.5,17.5,11.7,16.8,16.2,15.3,14.5,14.1,13.8,13.4,12.8,12.2,11.6,,
Vanuatu,VUT,"Prevalence of underweight, weight for age (% of children under 5)",SH.STA.MALN.ZS,,,,,,,,,,,,,,,,,,,,,,,,,,,,,,,,,,,,,10.6,,,,,,,,,,,,11.5,,,,,11.7,,,,,,,,,
World,WLD,"Prevalence of underweight, weight for age (% of children under 5)",SH.STA.MALN.ZS,,,,,,,,,,,,,,,,,,,,,,,,,,,,,,,,,,,,,,,,,20.83731079,20.43678284,20.0454998,19.63494873,19.198946,18.75195503,18.2817173,17.78050423,17.26987076,16.76907349,16.29559898,15.8491106,15.41043186,14.99188614,14.59063721,14.19985199,13.82894611,13.47963715,13.17168713,12.90980625,12.68477345,12.49302959,12.32544613
Samoa,WSM,"Prevalence of underweight, weight for age (% of children under 5)",SH.STA.MALN.ZS,,,,,,,,,,,,,,,,,,,,,,,,,,,,,,,,,,,,,,,,1.7,,,,,,,,,,,,,,,3.2,,,,,3.4,,,
Kosovo,XKX,"Prevalence of underweight, weight for age (% of children under 5)",SH.STA.MALN.ZS,,,,,,,,,,,,,,,,,,,,,,,,,,,,,,,,,,,,,,,,,,,,,,,,,,,,,,,,,,,,,,,
"Yemen, Rep.",YEM,"Prevalence of underweight, weight for age (% of children under 5)",SH.STA.MALN.ZS,,,,,,,,,,,,,,,,,,,,,,,,,,,,,,,,29.9,,,,,34.2,43,,,,,,45.3,,36.7,,,,,,35.5,,39.9,,,,,,,,,
South Africa,ZAF,"Prevalence of underweight, weight for age (% of children under 5)",SH.STA.MALN.ZS,,,,,,,,,,,,,,,,,,,,,,,,,,,,,,,,,,,8,,,,,9.8,,,,,,,,,8.6,,,,,,,5.8,5.9,4.9,,,,,
Zambia,ZMB,"Prevalence of underweight, weight for age (% of children under 5)",SH.STA.MALN.ZS,,,,,,,,,,,,,,,,,,,,,,,,,,,,,,,,,21.2,,,,19.6,,,18.9,,,23.2,,,,,14.9,,,,,,14.9,,,,,11.8,,,,
Zimbabwe,ZWE,"Prevalence of underweight, weight for age (% of children under 5)",SH.STA.MALN.ZS,,,,,,,,,,,,,,,,,,,,,,,,,,,,10.5,8,,,,,,11.8,,,,,11.5,,,,,,14,,,,11.7,10.2,,,,11.2,8.5,,,,9.7,,,
